cum_population_share,cum_access_time_share
0.0,0.0
0.0012605465930167865,4.569855487764494e-06
0.002521093186033573,1.3686318964602082e-05
0.0037816397790503596,2.9276821200951636e-05
0.005042186372067146,5.058253455044337e-05
0.006302732965083933,7.43863981222296e-05
0.007563279558100719,9.921035363974958e-05
0.008823826151117506,0.00012450390329521698
0.010084372744134292,0.00015223412219872624
0.01134491933715108,0.00018217138318655528
0.011814386597096115,0.00019457012963223756
0.0130749331901129,0.00022859230656845577
0.014335479783129688,0.00026425530007239496
0.015596026376146476,0.0003003836434161221
0.01606549363609151,0.0003139246637466538
0.017326040229108296,0.00035889643898671876
0.018586586822125082,0.00040458330460095375
0.019056054082070117,0.00042187160084800404
0.01952552134201515,0.0004391778780144172
0.02078606793503194,0.00048804301265537134
0.022046614528048725,0.0005393331761188166
0.02330716112106551,0.0005920125503630106
0.024941285058645384,0.0006605372215367376
0.02541075231859042,0.0006802634213606153
0.026671298911607206,0.0007348159178549824
0.02716234720519509,0.0007564553410480016
0.02842289379821188,0.0008120048695505926
0.028892361058156915,0.0008328045096907378
0.030526484995736788,0.0009060683825944874
0.04461050279408782,0.0015561897899173194
0.0458710493871046,0.0016147415123935482
0.047131595980121385,0.0016752825859630512
0.048392142573138175,0.0017367770150731696
0.04965268916615496,0.0017999501158376932
0.05091323575917174,0.0018635084327352366
0.05217378235218852,0.0019306502533184568
0.1782284416538672,0.008667534267086692
0.17869790891381224,0.008693294655245957
0.17995845550682904,0.0087629155721688
0.18042792276677405,0.008789154882762556
0.18168846935979086,0.008860446557096122
0.18294901595280766,0.008932162492031048
0.18420956254582446,0.00900677370196049
0.18547010913884124,0.009083405209469451
0.18673065573185804,0.00916109228789576
0.18799120232487485,0.009245842830478596
0.18925174891789165,0.009331383118954395
0.19051229551090842,0.00941789585644192
0.19177284210392523,0.009504485480352003
0.19226389039751313,0.009538693899017781
0.1935244369905299,0.009628147961356585
0.20986567636632866,0.010793868205518954
0.21112622295934544,0.010887068217225208
0.21238676955236224,0.010980580764809912
0.21364731614537905,0.011075845393846472
0.21411678340532408,0.011111350636247082
0.21460783169891195,0.011148661440559194
0.21586837829192876,0.01124470028228689
0.21712892488494556,0.011340939671834319
0.2175983921448906,0.01137688542954483
0.21885893873790738,0.011476181067052196
0.22011948533092418,0.011577579166004404
0.22138003192394098,0.011679452657156452
0.2226405785169578,0.011784071320902463
0.22390112510997456,0.011890076359184373
0.22516167170299137,0.011997351058918101
0.2256311389629364,0.012038726958542507
0.2268916855559532,0.012151251849808283
0.22815223214897,0.012267258704738554
0.2294127787419868,0.012386182038434215
0.2306733253350036,0.012505998270980544
0.23116437362859146,0.012554225578787173
0.2316554219221794,0.012603456468694443
0.23291596851519616,0.012730705992429184
0.2333854357751412,0.012778273774533746
0.23385490303508624,0.012827029769648638
0.23511544962810305,0.012958394642173864
0.23637599622111985,0.013090259832967823
0.23763654281413665,0.013222626999249192
0.23810601007408166,0.013272179506217443
0.2385970583676696,0.013324221847987084
0.23985760496068637,0.013459866424349909
0.24111815155370317,0.013596248785687876
0.24362429521134318,0.013874204285536137
0.24411534350493108,0.013929527204144884
0.24537589009794789,0.014072500837909698
0.2478820337555879,0.014358414218527217
0.2503881774132279,0.014646644593680397
0.2508792257068158,0.014703136825929018
0.2513486929667608,0.0147572774337325
0.25260923955977765,0.014903910196177922
0.2551153832174176,0.015197795110306686
0.2576215268750576,0.015492747550421212
0.2580909941350027,0.01554980830899253
0.25858204242859056,0.015609736371447452
0.2610881860862306,0.015916102154522955
0.2623487326792474,0.01607036581475808
0.2636092792722642,0.016225705523699726
0.26486982586528096,0.016381934170623558
0.2661303724582978,0.016538443062754666
0.26739091905131457,0.01669521947363004
0.26902504298889446,0.016899044191828878
0.26951609128248233,0.016961374255422018
0.27000713957607025,0.01702479096601214
0.27047660683601527,0.01708558432266857
0.27094607409596033,0.017146549640484923
0.2722066206889771,0.017310388042217982
0.2747127643466171,0.017640699239898004
0.2759733109396339,0.0178084006388344
0.27723385753265073,0.017980460601234767
0.27974000119029074,0.018323413038525617
0.2810005477833075,0.018499471770695948
0.28350669144094753,0.01884985710945009
0.2847672380339643,0.019027944042695817
0.28602778462698114,0.019206330940170564
0.287661908564561,0.019437652408508876
0.290168052222201,0.019793009712183757
0.3152294887986013,0.023395819833118427
0.3177356324562413,0.023760720631853364
0.3189961790492581,0.023945385901937045
0.3215023227068981,0.02431257070279597
0.321993371000486,0.024385371285673287
0.3224844192940739,0.024458619221602553
0.3237449658870907,0.024647727702258943
0.3250055124801075,0.024837939295859805
0.3275116561377475,0.02521668803049303
0.3287722027307643,0.025410447490459672
0.3312783463884043,0.025797231997844852
0.33176939468199224,0.02587390432426149
0.333029941275009,0.026070876482816457
0.3342904878680258,0.0262698989556916
0.3355510344610426,0.026470846771907003
0.3360420827546305,0.0265492335146742
0.3373026293476473,0.026752082015726073
0.33777209660759233,0.026829213809100767
0.3394062205451722,0.027100384013930855
0.34104034448275206,0.027373096295900057
0.34153139277634,0.027455336555834688
0.342000860036285,0.027534102618949775
0.3424919083298729,0.02761651074106326
0.3441260322674528,0.027894030124650027
0.34576015620503264,0.028173359438049477
0.34625120449862057,0.028257912838317866
0.3467206717585656,0.028339019885487496
0.3492268154162056,0.028772309269732135
0.3517329590738456,0.029206122914398894
0.3542391027314856,0.029640867481484305
0.3547301510250735,0.029726297226385957
0.3552211993186614,0.02981230311850344
0.35569066657860643,0.029894626669444202
0.3561601338385515,0.029976950220384966
0.35742068043156827,0.030198947408545302
0.3586812270245851,0.030424841983907516
0.36118737068222506,0.030875118831226664
0.361678418975813,0.030964113692105874
0.3621694672694009,0.03105313972845142
0.36467561092704087,0.03150804174916654
0.3671817545846809,0.03196298337750384
0.3676728028782688,0.0320526606554993
0.3693069268158487,0.03235265851967469
0.36979797510943657,0.03244320778741613
0.3702890234030245,0.032534614704822044
0.3727951670606645,0.03301211536321394
0.3732862153542524,0.033106272538466
0.3737772636478403,0.03320140817120289
0.3750378102408571,0.03344779468952722
0.376671934178437,0.033774479716800386
0.379178077836077,0.03427550125812383
0.38043862442909376,0.03453321700673955
0.3809296727226817,0.03463420805450575
0.38142072101626956,0.03473607732794482
0.3819117693098575,0.034840338090826636
0.3844179129674975,0.03537622924385349
0.38605203690507733,0.035729351377203754
0.38855818056271735,0.03627191350015983
0.3890492288563053,0.03637873058728093
0.3915553725139453,0.036928820265245486
0.39204642080753316,0.03703904176806718
0.3925374691011211,0.03714979831154312
0.39302851739470895,0.037262637920798106
0.393497984654654,0.037370821005302195
0.3939890329482419,0.03748403332534297
0.3952495795412587,0.03777509047300711
0.3957406278348466,0.037889044691619043
0.39621009509479166,0.03799807589309415
0.3987162387524317,0.038603679037947605
0.39920728704601954,0.038722917243084576
0.40171343070365956,0.039332217978238895
0.4022044789972475,0.03945400842233847
0.40269552729083535,0.039575798866438035
0.4031865755844233,0.039698429171477444
0.4036776238780112,0.0398213328667804
0.4041686721715991,0.03994470031089456
0.404659720465187,0.040068102945126284
0.407165864122827,0.04070413278821974
0.4076569124164149,0.04082875952628838
0.4101630560740549,0.0414676925121407
0.4126691997316949,0.04210691786180412
0.4143033236692748,0.04252610809209965
0.4155638702622916,0.042850968720974145
0.4160549185558795,0.042979211436272986
0.41856106221351946,0.043637155388143355
0.42019518615109935,0.04406783140446456
0.4206862344446873,0.044200506947091676
0.42117728273827515,0.044333663650409666
0.4216683310318631,0.04446768265013834
0.4241744746895031,0.04515562269523323
0.42466552298309096,0.04529130818027471
0.4251565712766789,0.045427423413687225
0.4258520175141842,0.04562554057182705
0.4263430658077721,0.04576706722065327
0.42683411410136,0.045911546994816164
0.42732516239494794,0.046056231955223056
0.4280206086324532,0.046261688333245496
0.4284900758923983,0.04640086568646937
0.4289811241859862,0.04654714617748578
0.4294721724795741,0.04669386603567232
0.42994163973951915,0.0468342362997725
0.430432688033107,0.04698409367927741
0.43293883169074704,0.047758508769981674
0.43544497534838705,0.04853292386068594
0.4370790992859669,0.049040514006777496
0.43754856654591195,0.04918641220426167
0.4391826904834918,0.04969715597572345
0.43965215774343686,0.0498459916887944
0.44215830140107687,0.05064199145688017
0.4426235212722452,0.050792245919642355
0.4430929885321902,0.0509439301239837
0.4455991321898302,0.051754581394995315
0.44810527584747023,0.05257021473601577
0.44936582244048706,0.05298426487629017
0.44985687073407493,0.05314859461272022
0.45032633799402,0.05330661806651228
0.45081738628760787,0.053472301825624735
0.4512826061587762,0.05362945496980117
0.45174782602994457,0.0537866081139776
0.45223887432353244,0.053953964779344006
0.4527083415834775,0.054114453691862
0.45434246552105734,0.054677603562251216
0.45475688158422944,0.05482190665444754
0.45639100552180933,0.05539865645873806
0.45685622539297766,0.05556294307190647
0.4638106877680309,0.05802889467181823
0.46544481170561075,0.05861009084007531
0.4659358599991987,0.05878596606532285
0.4664269082927866,0.058961841290570395
0.4689330519504266,0.05986052248513228
0.4705671758880065,0.060451382189304806
0.47103664314795146,0.060621806904352864
0.47267076708553135,0.06121723430445515
0.47430489102311124,0.06181271033511179
0.4747701108942795,0.061983009949609154
0.47640423483185934,0.06258139007752347
0.4789103784894994,0.06350119124005672
0.4805445024270793,0.06410155957028144
0.48101396968702426,0.0642741948294403
0.4814791895581926,0.06444589890331621
0.4839853332158326,0.06537990480784579
0.4856194571534125,0.06598993263235693
0.48725358109099237,0.06660304271211268
0.4888877050285722,0.06721956962074298
0.48958315126607754,0.06748509826343917
0.49005261852602255,0.06766515157771051
0.49255876218366257,0.06862910230788956
0.4929642284666831,0.06878786922109634
0.493455276760271,0.06898021060698313
0.49508940069785085,0.06962740345248805
0.49672352463543074,0.07027521398750407
0.49922966829307075,0.07127539928100517
0.4997207165866587,0.07147422163147821
0.5002117648802465,0.07167528967631862
0.5009072111177519,0.07196032374956234
0.501376678377697,0.07215538242853196
0.5018461456376418,0.07235064464636232
0.5022516119206624,0.07251950373335635
0.5027168317918307,0.07271401491735045
0.5052229754494707,0.07377273872913608
0.5077291191071108,0.07483330563358412
0.5081345853901312,0.07500626184028257
0.5106407290477714,0.07608175266803106
0.5111317773413593,0.07629292400592444
0.5115372436243797,0.07646750445128077
0.5119427099074002,0.0766420848966371
0.5124121771673452,0.07684563530588648
0.5128176434503657,0.07702441046585298
0.5144517673879455,0.07774658007007998
0.5149428156815334,0.07796390828690977
0.515348281964554,0.07814343868177179
0.5160437282020593,0.07845195502621932
0.5167391744395646,0.07876245071759859
0.5172086416995096,0.07897433387303708
0.5188427656370895,0.07971557024741426
0.5201033122301063,0.08028859226540727
0.5205727794900512,0.08050291594111261
0.5210422467499962,0.08071723961681794
0.5226763706875761,0.08146587141884634
0.5230818369705966,0.08165166647810389
0.5235728852641846,0.08187679753991474
0.5242683315016898,0.08219638558922585
0.5255288780947066,0.0827756620379318
0.5267894246877234,0.08335493848663775
0.5280499712807403,0.0839342149353437
0.5285194385406852,0.08415054864449238
0.5301535624782651,0.08490527517016032
0.5306187823494334,0.08512113070486255
0.5310882496093784,0.08534007083906775
0.5315577168693233,0.08556402304803282
0.5319631831523438,0.0857580095099357
0.5324326504122888,0.08598393445271184
0.5328381166953093,0.0861790777198419
0.5332435829783299,0.08637456280984351
0.5337130502382748,0.08660103313395091
0.5353471741758546,0.08739161120580735
0.5402576571117335,0.08977928959318628
0.5406720731749056,0.08998312674697721
0.5423061971124855,0.09078760027617663
0.5430016433499908,0.09113247814790433
0.5434711106099358,0.09136636873403318
0.5439405778698808,0.09160165362437368
0.5444100451298257,0.0918375143181985
0.5448155114128462,0.09204162059444608
0.5452807312840146,0.09227746264315519
0.5489298781640212,0.09412896369233009
0.5493442942271933,0.09433954412984759
0.5497497605102137,0.09454703522358539
0.5501552267932343,0.09475529322204251
0.5506246940531793,0.09499648366310229
0.5510941613131243,0.09523995289344013
0.5515636285730693,0.09548342212377797
0.5519531770268652,0.09568585045176868
0.5523427254806611,0.0958882787797594
0.5530381717181664,0.09625058028721623
0.5534436380011869,0.09646226607380147
0.5538491042842074,0.09667412613847677
0.5543185715441524,0.0969205711433535
0.5547880388040973,0.09716798603293376
0.555152953492098,0.0973608779012234
0.5558483997296034,0.09772863701549749
0.556213314417604,0.09792237815882189
0.556682781677549,0.09817266136058907
0.5570476963655497,0.09836917442683535
0.5575171636254947,0.09862230918089439
0.5579866308854398,0.09887544393495343
0.5584560981453847,0.09912879657013325
0.5588705142085568,0.09935253964379089
0.5592849302717289,0.09957640850605923
0.5596903965547494,0.09979653103347173
0.5601048126179216,0.100021915514321
0.5608002588554268,0.10040030006621935
0.5612697261153718,0.10065581015922119
0.5617391933753169,0.10091266037214724
0.5624346396128221,0.10129561519629061
0.5628401058958427,0.10152015215482944
0.5632455721788632,0.10174541077413483
0.5636104868668638,0.101950211060809
0.5640159531498843,0.10217794645276229
0.5644854204098293,0.10244333819852117
0.5649548876697743,0.10270872994428006
0.5653603539527948,0.10293824615353589
0.5657747700159669,0.10317319022869453
0.5661396847039676,0.10338017799976759
0.5665451509869881,0.10361063929564689
0.567014618246933,0.10387766614656178
0.567484085506878,0.10414531911170027
0.5691182094444579,0.10508688128641755
0.5695876767044029,0.10535835926190266
0.5700787249979908,0.10564245281536881
0.5704841912810112,0.10587721573236941
0.5709536585409563,0.1061491644403715
0.5714188784121246,0.10641899891159144
0.5718840982832928,0.1066888333828114
0.5723493181544611,0.1069596890214441
0.5727142328424618,0.10717250831837767
0.5743483567800417,0.1081259563927722
0.5759824807176216,0.10907940446716673
0.5766779269551269,0.1094852562073216
0.5773733731926322,0.10989365448995396
0.5777382878806329,0.11010798871755764
0.5781032025686336,0.11032232294516132
0.5785684224398019,0.11059558184981297
0.5792082720298556,0.11097168965236244
0.5796734919010239,0.11124544738491614
0.5801429591609689,0.111522148741147
0.5806124264209139,0.11179906279316218
0.5809773411089145,0.11201492713637398
0.5851215017406354,0.11446841479868294
0.5855909690005804,0.11474645500895435
0.5862864152380858,0.11515950584706898
0.586751635109254,0.11543623350328269
0.5872168549804223,0.1157129611594964
0.5877859108551702,0.11605187866620575
0.5894200347927501,0.1170280846641984
0.5897103468212325,0.1172020281339518
0.5901798140811775,0.11748331432301302
0.5906492813411225,0.11776460051207426
0.5910547476241429,0.11800756827014558
0.5914602139071634,0.11825053602821689
0.5918746299703356,0.11849917636475366
0.5922641784241315,0.11873297868216352
0.5926537268779274,0.11896722549103622
0.5931189467490957,0.11924848523180114
0.5935884140090406,0.11953252644705835
0.5939533286970413,0.11975421547471593
0.594318243385042,0.11997641351223558
0.5947237096680625,0.12022430237623362
0.5951291759510831,0.12047291364361974
0.5955943958222513,0.12075864492873252
0.595959310510252,0.12098319305150323
0.5963647767932725,0.12123449528122002
0.596770243076293,0.12148582717117129
0.5971757093593135,0.12173720992341874
0.5975982297618065,0.12200069563856632
0.5980207501642997,0.12226419276196016
0.5983856648523004,0.12249262775220376
0.5990811110898057,0.12292893913333014
0.5994865773728262,0.12318350296391968
0.5998920436558467,0.1234383391888973
0.6003615109157917,0.12373341802517787
0.6010013605058454,0.12413630496694865
0.6014068267888659,0.12439163677597542
0.6020466763789197,0.12479505986949349
0.6024521426619402,0.12505079361345878
0.6028576089449607,0.1253067779178161
0.6032630752279812,0.12556320495156018
0.6037325424879262,0.12586048868885816
0.6042020097478712,0.12615921838333988
0.6044923217763536,0.12634423433065867
0.6049617890362986,0.12664360662083163
0.6054312562962436,0.12694345454877154
0.605836722579264,0.12720254293274236
0.6062421888622845,0.12746278478285372
0.606647655145305,0.12772319581303
0.6070531214283256,0.12798370217750216
0.6086872453659055,0.12904135253166496
0.6091567126258504,0.12934544896675143
0.6096261798857954,0.1296495454018379
0.6100956471457404,0.12995411764182227
0.6141503099759452,0.13259125976012578
0.6145398584297411,0.13284552875367564
0.6150093256896861,0.13315317055899828
0.6154147919727067,0.1334188847443941
0.6158292080358787,0.13369080028340918
0.6162436240990509,0.13396271582242428
0.6167130913589959,0.1342726012713589
0.6171275074221679,0.13454756526443948
0.6175969746821129,0.13485931270084217
0.6179865231359088,0.1351181841054541
0.6183919894189294,0.13538904442594704
0.6187974557019499,0.13566094370538223
0.6190135483650665,0.13580604275635827
0.6197089946025719,0.1362738611598787
0.6201144608855924,0.13654731637862813
0.620479375573593,0.13679364006272265
0.620948842833538,0.13711158242743568
0.6213632588967102,0.13739269569376358
0.6217776749598822,0.1376751934339921
0.6222471422198272,0.13799577668067162
0.6227123620909956,0.13831411691924697
0.623117828374016,0.13859165918235422
0.6235232946570365,0.1388692014454615
0.6239128431108324,0.13913634489241414
0.6246082893483378,0.13961426949118586
0.6250137556313583,0.13989376098291748
0.6254192219143787,0.14017379840317207
0.6258886891743237,0.14049927280962543
0.626353909045492,0.14082220372729187
0.6270493552829973,0.14130583067245475
0.6274548215660178,0.1415890678011542
0.6279242888259629,0.14191828372080623
0.6285641384160167,0.1423682108855012
0.6332163371276999,0.14566886372688392
0.6336858043876449,0.1460045410190568
0.6341552716475899,0.14634021831122968
0.6343713643107065,0.14649488554278253
0.6345874569738232,0.14664955277433542
0.6350099773763164,0.14695234813122293
0.6354794446362614,0.1472891599325975
0.6358689930900573,0.14756899732180728
0.636233907778058,0.14783170099667106
0.636703375038003,0.14817133770978685
0.6370682897260036,0.14843655871279063
0.6374737560090241,0.14873299002875054
0.6376898486721408,0.14889129736483406
0.6381593159320859,0.14923522441089104
0.6383754085952026,0.14939353174697453
0.6387808748782231,0.14969124099901432
0.6394763211157284,0.15020323777009373
0.6399457883756734,0.1505495623386961
0.6404152556356183,0.15089588690729847
0.6407055676641008,0.15111062625749422
0.6411110339471213,0.15141062814113274
0.6415254500102934,0.15172057282276125
0.6419309162933139,0.15202754269618737
0.6424999721680618,0.15245859855862914
0.6427160648311785,0.15262245951308903
0.6429321574942952,0.15278632046754892
0.6433376237773156,0.15309429805577643
0.6439066796520635,0.15352712594040563
0.6443761469120085,0.153884223597911
0.644781613195029,0.15419302881909722
0.6453506690697769,0.15462678330190588
0.6456409810982593,0.15484872996203683
0.6459312931267418,0.15507105084511674
0.6464007603866867,0.1554326187695232
0.6466168530498034,0.1555998327267571
0.647022319332824,0.155913789200657
0.647491786592769,0.1562774731023518
0.647961253852714,0.15664146380367075
0.648315932583369,0.15691731831196498
0.648785399843314,0.15728267102888224
0.649254867103259,0.15765104493626586
0.649669283166431,0.1579767332140641
0.6498853758295478,0.1581486555162399
0.6502908421125683,0.15847172891165195
0.6506963083955888,0.15879561665786127
0.6510612230835894,0.1590872408554488
0.6514666893666099,0.15941247416032164
0.6520357452413578,0.1598696200467451
0.6522518379044745,0.1600442396198401
0.6526167525924752,0.16034042002800383
0.6530862198524202,0.16072149312159292
0.6535556871123651,0.161102566215182
0.6539611533953856,0.16143216812715944
0.6546010029854394,0.16195275955151642
0.6550235233879326,0.1622973778856294
0.6553884380759332,0.16259567383505044
0.6610789968234119,0.16725436136137206
0.6616480526981597,0.1677207354936596
0.6620705731006529,0.1680674535507362
0.6622866657637696,0.16824618322500245
0.6628557216385175,0.16871881411658013
0.6634247775132653,0.1691927830393116
0.669823273413803,0.1745267470171814
0.6703923292885509,0.17500154913077656
0.6706826413170333,0.17524520918289596
0.671047556005034,0.1755521839673037
0.6714700764075271,0.17590915297096274
0.6716861690706438,0.1760919384997476
0.675911373095575,0.17967239606510751
0.6761274657586918,0.17985635034707873
0.6765418818218638,0.18020939366472402
0.6769067965098645,0.18052037520111772
0.6772717111978652,0.18083135673751138
0.6779671574353705,0.18142514700477405
0.6783896778378636,0.18178686302586589
0.6789587337126115,0.18227554262071058
0.6793812541151046,0.18264063926240237
0.679671566143587,0.1828917544800001
0.6799618781720694,0.18314286969759783
0.6802521902005518,0.18339398491519557
0.6805425022290343,0.1836451001327933
0.6808328142575167,0.18389621535039105
0.6812223627113126,0.1842332817093616
0.6814384553744294,0.18442026698664443
0.6817287674029118,0.18467184246983023
0.6819448600660285,0.18485914385411398
0.6822351720945109,0.18511109944206738
0.6826000867825116,0.1854279089999229
0.6828161794456283,0.1856156590137865
0.6849771060767954,0.1874952514812696
0.6853996264792885,0.18786336409297963
0.6860950727167938,0.18847446113745953
0.6863853847452763,0.1887303714446978
0.6867400634759313,0.18904381462297587
0.686956156139048,0.1892358064348601
0.6873786765415412,0.18961158755883561
0.6875947692046579,0.18980416198266878
0.6880172896071509,0.19018303787911314
0.688439810009644,0.19056526117845662
0.6887944887402991,0.19088791489555568
0.6891491674709541,0.1912109887980261
0.6895716878734472,0.19159607676336465
0.6899366025614478,0.1919293015379523
0.6905056584361957,0.1924504253060772
0.6910747143109436,0.19297289041010654
0.6916437701856915,0.19349535551413585
0.6918598628488082,0.19369420656743916
0.692499712438862,0.19428569960402758
0.692854391169517,0.1946141663357211
0.6934234470442648,0.19514168781089825
0.6937883617322655,0.19548054899809927
0.6942108821347587,0.19587384489014445
0.6944269747978754,0.19607502591964204
0.6949960306726233,0.19660636053922498
0.6952863427011057,0.19687758124450183
0.6957088631035988,0.19727235123325587
0.6960737777915995,0.19761366162302482
0.6962898704547162,0.19781594045862796
0.696505963117833,0.19801861867840587
0.6968682616399255,0.19835934466640207
0.6974373175146734,0.19889451694375113
0.6976534101777901,0.1990978007190265
0.6978695028409069,0.19930108449430187
0.6984385587156547,0.1998365897284562
0.6988008572377473,0.20017752769872657
0.699016949900864,0.20038128331855978
0.6990670088809374,0.20042852144258821
0.6997068584709911,0.20103375558620992
0.6999229511341079,0.20123818466508628
0.7002776298647629,0.2015739399001023
0.7004937225278797,0.20177913607697712
0.7007840345563621,0.20205544549662632
0.7010743465848445,0.20233232424948408
0.7013646586133269,0.20260930669692273
0.701719337343982,0.20294859537477972
0.7034382962898929,0.20459358741383527
0.7037286083183754,0.20487173429083805
0.7040189203468578,0.20515030498904305
0.7043735990775127,0.20549161909087835
0.7049426549522606,0.20603949169621358
0.7055117108270085,0.206587784215571
0.7084148311118327,0.20939551173287632
0.7087051431403151,0.2096767646886957
0.7089212358034318,0.20988625168187744
0.7092861504914325,0.21024035115508719
0.7098552063661804,0.21079302562318972
0.7101455183946628,0.21107524885245504
0.7103616110577795,0.2112854920213965
0.7107162897884346,0.21163131527965798
0.7109323824515513,0.2118423560122864
0.711148475114668,0.21205344750630584
0.7113645677777847,0.21226479803471446
0.7115364636723758,0.21243324363011123
0.7118911424030309,0.2127829625281464
0.7121814544315133,0.21306921482892494
0.7125361331621682,0.2134189337269601
0.7128908118928233,0.21376865262499528
0.7131811239213057,0.2140549049257738
0.7134714359497881,0.21434115722655234
0.7137617479782706,0.21462896999882766
0.7141164267089256,0.21498139207686276
0.7144170839684099,0.2152803721498428
0.7149861398431577,0.21584758521844657
0.7152022325062745,0.216063352763966
0.7157712883810223,0.21663157923804852
0.7161259671116774,0.2169871491661148
0.7164806458423324,0.2173435538201646
0.7167709578708148,0.21763589392858926
0.7170612698992973,0.21792826750631691
0.7173619271587816,0.2182318149826136
0.717652239187264,0.21852514793299185
0.7179425512157465,0.21881868590772321
0.7182328632442289,0.21911222388245455
0.7185875419748838,0.21947196792850596
0.7189422207055389,0.21983215659899466
0.7191583133686557,0.22005198090067682
0.7193744060317724,0.2202718925812441
0.7197290847624274,0.22063360118046824
0.7303694466820795,0.23150935607953116
0.7305855393451962,0.23173041636728847
0.7308079707053267,0.23195816702070834
0.7311626494359816,0.232323297853974
0.7315173281666367,0.23268845110970005
0.7318720068972917,0.2330549096251852
0.7320880995604084,0.23327836365290003
0.7325025156235806,0.23370786340139307
0.7328571943542356,0.2340761913257863
0.7332118730848907,0.23444477900461902
0.7337809289596385,0.23503696195316187
0.7376764134975974,0.2391081047916052
0.7380659619513933,0.23951627231487732
0.738428260473486,0.23989654877452163
0.7388178089272819,0.24030571489014796
0.7391801074493745,0.2406904523076105
0.7395347861800295,0.2410699443504251
0.7398894649106845,0.2414496462643478
0.7401055575738013,0.24168123830922728
0.740321650236918,0.2419133415853448
0.7407111986907139,0.242331931827798
0.7409272913538306,0.24256437002333855
0.7412819700844856,0.24294601510478456
0.7416366488151407,0.24332778259590704
0.7422057046898886,0.24394107538999976
0.7427747605646364,0.24455556492529285
0.7433438164393843,0.2451700544605859
0.7436984951700393,0.24555320447579196
0.7440531739006944,0.2459372151942457
0.7444078526313493,0.24632155436367112
0.7474144252261922,0.24958186041261787
0.7477691039568473,0.2499674782959987
0.7481237826875022,0.2503532070527191
0.748339875350619,0.25058877256621453
0.7487021738727117,0.25098539952895227
0.7490028311321959,0.2513151988950298
0.7493923795859918,0.25174288650516674
0.7499614354607397,0.25236800894400613
0.7503161141913947,0.25275810082209604
0.7505322068545114,0.2529962485471367
0.7507482995176281,0.25323439627217736
0.7511029782482832,0.253625558693136
0.7514925267020791,0.2540562618243558
0.7517086193651958,0.2542952502517497
0.7520632980958508,0.2546883659240882
0.7524179768265059,0.25508148159642674
0.7527802753485985,0.2554843292051847
0.7529963680117152,0.2557252137423292
0.7533586665338078,0.25612920591198246
0.7537209650559004,0.2565335626031915
0.7539370577190171,0.2567753944238916
0.7542993562411098,0.2571810829166467
0.7546616547632023,0.25758706981065455
0.7550163334938573,0.2579878106996822
0.7553169907533417,0.2583300120959728
0.7558860466280896,0.2589778067742379
0.7564551025028374,0.25962765302203666
0.7570241583775853,0.26027749926983546
0.7573788371082403,0.26068408934208015
0.7577335158388954,0.2610906794143249
0.757949608502012,0.26133842643368055
0.7581657011651287,0.26158677617074194
0.7585552496189246,0.2620353417943264
0.7589447980727206,0.26248535751961477
0.7592994768033756,0.26289533125737286
0.7629224620243017,0.2670840670564101
0.7630943579188928,0.2672830622973463
0.7636634137936407,0.26794214177554493
0.7638282509889369,0.2681340697702479
0.7643973068636848,0.2687967652172659
0.7645621440589812,0.2689891911161613
0.7649244425810737,0.26941540511577955
0.7653139910348696,0.26987513009865105
0.7656686697655246,0.2702947677347723
0.7662377256402725,0.2709681299208333
0.766460157000403,0.2712313323119383
0.7665102159804764,0.2712906532108942
0.7668648947111314,0.2717109826594618
0.7672544431649273,0.2721733584988069
0.7675551004244117,0.27253205957308835
0.7679097791550666,0.2729554900932525
0.7682993276088625,0.2734216087437172
0.7683493865889359,0.27348153864029817
0.7687116851110285,0.27391737387909615
0.7691012335648245,0.2743903190463532
0.7694559122954795,0.27482129758843227
0.7696207494907759,0.27502173222541365
0.7700102979445718,0.27549605550114054
0.7703725964666643,0.2759376247056666
0.7706732537261486,0.27630429367665665
0.770973910985633,0.27667133367205193
0.7713634594394289,0.2771471819485989
0.7717257579615214,0.2775927081406346
0.7720804366921765,0.2780295370501473
0.7721304956722498,0.27809124066860424
0.7723533542852788,0.27836608333817203
0.7725762128983079,0.2786409260077399
0.7729308916289629,0.2790794167468287
0.7733204400827588,0.2795610795667067
0.7737099885365547,0.28004688194597815
0.7738748257318511,0.28025258411059
0.7739248847119244,0.28031508626442897
0.7742255419714087,0.2806917400163214
0.7744484005844378,0.2809709630348686
0.7744984595645111,0.2810336924956247
0.7745485185445844,0.2810964219563808
0.7749108170666771,0.28155213717288147
0.7752731155887697,0.28200785238938214
0.7756626640425656,0.28249825392251615
0.7759633213020499,0.2828769415318174
0.7762639785615342,0.28325716889842684
0.7784925646918239,0.28608025456407826
0.7788821131456198,0.2865744305866837
0.7791827704051041,0.286956424984456
0.7793988630682208,0.2872313877058261
0.7796995203277051,0.287614160581633
0.7800001775871894,0.2879981258283067
0.7802162702503062,0.28827510668767475
0.7806058187041021,0.2887746489890716
0.7810752859640471,0.28937765335534354
0.781298144577076,0.289664827948538
0.7815142372401928,0.2899433787566443
0.7817370958532218,0.29023068703190286
0.7820377531127061,0.2906184798503517
0.7824000516347986,0.2910860883773546
0.7827547303654537,0.2915460390739066
0.7831442788192496,0.29205188867198284
0.7833671374322786,0.2923420323155738
0.783667794691763,0.2927336898945328
0.7840573431455589,0.29324256286501765
0.7844468915993548,0.293751561550701
0.784747548858839,0.2941445049710491
0.7850482061183234,0.2945381597131623
0.7853488633778076,0.2949322163366952
0.7857035421084626,0.29539776225288544
0.7860582208391177,0.2958633081690757
0.7864128995697727,0.29632885408526594
0.7868024480235686,0.296844271543368
0.7871571267542237,0.2973135639398495
0.7875118054848786,0.29778285633633095
0.7878664842155337,0.2982521487328124
0.7882211629461887,0.2987214411292939
0.7885218202056731,0.299120838149144
0.7885718791857463,0.29918740667518423
0.7888725364452307,0.29958765061918763
0.789173193704715,0.2999892860971598
0.7894738509641992,0.30039144572176946
0.7897745082236836,0.3007947278254796
0.7900751654831678,0.30119935989844127
0.7904647139369637,0.3017241987397657
0.7906137870805947,0.3019252735807459
0.790914444340079,0.3023309529890519
0.7912151015995633,0.3027366323973578
0.7916046500533592,0.30326228232081
0.7919941985071551,0.303790031957209
0.792383746960951,0.304317781593608
0.7927460454830437,0.3048088870329619
0.7928951186266746,0.305010987092291
0.792945177606748,0.30507889996557086
0.7931612702698647,0.3053724170407277
0.7935235687919573,0.30586522425644325
0.793739661455074,0.3061592259393517
0.79412920990887,0.3066893410997451
0.7944298671683543,0.3070985095798083
0.7949304569690882,0.30778018310891325
0.7952311142285724,0.3081913312180711
0.7954539728416015,0.3084967621594185
0.7958435212953974,0.3090309613149999
0.7960083584906936,0.30925715442161583
0.79617319568599,0.30948344343105805
0.7965627441397859,0.31001874249000105
0.7966128031198593,0.31008759340295045
0.7966628620999326,0.3101566798870041
0.7970524105537286,0.31069460102026913
0.7972172477490249,0.3109226335559852
0.7974401063620539,0.311232546889534
0.7976049435573502,0.3114618194715352
0.7978278021703792,0.31177187988920363
0.7980506607834082,0.3120819403068721
0.7984129593055008,0.31258654564747645
0.7987752578275934,0.31309115098808077
0.7989349147638485,0.31331351938813246
0.7989849737439219,0.31338334680357516
0.7993745221977178,0.3139277215746828
0.7996751794572021,0.31434813830551894
0.7998976108173326,0.31465972802209125
0.8002871592711285,0.31520569673682775
0.8005095906312589,0.315517651388119
0.800899139085055,0.3160641503562254
0.8009491980651282,0.31613461784427804
0.8011720566781573,0.3164492756451337
0.8012221156582306,0.316519990870934
0.8016116641120266,0.3170709283372013
0.8020012125658225,0.31762238930867204
0.8023907610196184,0.31817449796213937
0.8027803094734144,0.3187266778074638
0.8029093815246903,0.3189099049802587
0.8031322401377192,0.3192263832549632
0.8035217885915151,0.3197798957434859
0.8036708617351461,0.31999184014197063
0.8039715189946304,0.3204197379468604
0.8041363561899267,0.32065465414659133
0.8043524488530435,0.32096266217134706
0.8045685415161602,0.32127067019610284
0.8048691987756444,0.3216994886823992
0.8051698560351287,0.32212830716869567
0.805470513294613,0.32255712565499206
0.8058328118167056,0.3230745065821591
0.8062223602705015,0.3236312078605561
0.8066119087242974,0.3241881563057036
0.8082602806772605,0.32654926482175567
0.8083103396573339,0.32662098136578605
0.8086726381794266,0.32714015113399747
0.8087226971595,0.3272119571238645
0.8089455557725289,0.3275319668318331
0.8093351042263248,0.328093090743707
0.8097246526801207,0.3286559627471399
0.8099475112931498,0.32897825514531104
0.8099975702732232,0.329050730875223
0.8102982275327074,0.32948607154103565
0.8103482865127808,0.32955857809220196
0.810648943772265,0.32999428234588907
0.8108718023852941,0.3303172604117564
0.8109218613653675,0.3303898152232982
0.8109719203454409,0.33046237003483997
0.8110219793255142,0.3305349248463817
0.8110720383055876,0.3306074796579235
0.8112211114492186,0.33082363715589747
0.8116106599030145,0.3313885984216199
0.8117754970983108,0.33162810950207355
0.8119403342936071,0.3318676205825272
0.8121051714889034,0.3321071365476043
0.8122700086841997,0.3323466525126815
0.8123990807354756,0.332534219308561
0.8125587376717307,0.332766411466929
0.812859394931215,0.33320551619840183
0.8132489433850109,0.33377483406309455
0.8136384918388068,0.3343441519277873
0.8139391490982911,0.3347836711798147
0.8142398063577754,0.3352234992690491
0.8144626649708044,0.3355500767174994
0.8146117381144353,0.3357690894285239
0.814974036636528,0.33630292880932894
0.815196895249557,0.33663168158714724
0.8155864437033529,0.3372067390712843
0.8157512808986492,0.33745036739509626
0.8159161180939455,0.33769399571890824
0.8160809552892418,0.3379376240427202
0.8162457924845381,0.3381812523665322
0.8164686510975672,0.33851099404935014
0.8168581995513631,0.3390874488425707
0.817247748005159,0.3396639036357913
0.8176372964589549,0.34024100032165455
0.8180268449127509,0.340819218384087
0.8184163933665468,0.34139873993035547
0.8185812305618431,0.34164425043106306
0.8187460677571394,0.34188976093177065
0.819108366279232,0.34243023357044866
0.8194706648013246,0.3429707062091267
0.8209613962376343,0.3451961721030828
0.8211210531738894,0.3454354689952473
0.8212858903691856,0.34568281937611495
0.821335949349259,0.34575797203303466
0.8214650214005349,0.3459520674725774
0.8215940934518108,0.34614616291212014
0.8217431665954418,0.346370437682002
0.8219080037907381,0.3466188497893259
0.8220728409860344,0.34686726189664985
0.8222376781813308,0.3471156740039738
0.8223973351175858,0.3473565216729085
0.8227596336396784,0.3479030998548508
0.823121932161771,0.3484496780367931
0.8234842306838636,0.3489962562187354
0.8236133027351394,0.3491912971823078
0.8237781399304358,0.34944073325130864
0.82407879718992,0.34989589522028486
0.824227870333551,0.35012168750548195
0.8258244396961014,0.35254469860068977
0.8259535117473773,0.35274068791197
0.8261131686836324,0.35298339944533685
0.8262780058789286,0.3532340509992285
0.826442843074225,0.35348470255312014
0.8266076802695212,0.35373535410701173
0.8267725174648176,0.3539863660565801
0.8269215906084486,0.35421348971288724
0.8272222478679329,0.3546725113674573
0.8275229051274171,0.35513158148762813
0.8278235623869015,0.35559065160779896
0.8282131108406974,0.35618613873979116
0.8283621839843284,0.35641413788663634
0.8285112571279594,0.3566423495817781
0.8287341157409883,0.35698367019824856
0.8300248362537476,0.3589612589291409
0.8304143847075435,0.359558181644521
0.8308039331613394,0.36015510435990117
0.8309530063049704,0.36038381258625063
0.8312536635644546,0.36084549527006027
0.8314133205007097,0.36109134172490986
0.8315423925519856,0.361290553375492
0.83184304981147,0.3617573730440051
0.8320659084244989,0.36210347760248107
0.8324554568782948,0.36270914624293377
0.8326151138145499,0.36295801419148455
0.832774770750805,0.3632089986904334
0.8329038428020809,0.36341206470688464
0.8330722058519269,0.36367788985095156
0.8332212789955579,0.36391330438954334
0.833380935931813,0.36416568718558434
0.8337704843856089,0.3647829234365794
0.8341600328394048,0.3654002131691267
0.8345495812932008,0.36601810271860014
0.8349118798152934,0.3665928807586787
0.8353014282690893,0.3672116624564776
0.8356637267911818,0.3677877046767798
0.8359643840506662,0.3682662903680609
0.8361134571942971,0.3685038351553559
0.8365030056480931,0.36912484869788115
0.836892554101889,0.36974586224040634
0.8370522110381441,0.37000061720778105
0.8372118679743991,0.37025537217515575
0.8373409400256749,0.3704613792568509
0.837730488479471,0.37108445393036965
0.8378953256747672,0.3713484610331465
0.8380601628700636,0.37161246813592336
0.8382830214830925,0.37196949622718983
0.8385058800961216,0.3723265243184563
0.8388954285499175,0.37295061372867405
0.8392849770037134,0.37357513214887644
0.8394140490549893,0.37378217577871764
0.8395431211062652,0.37398921940855884
0.8397655524663956,0.37434654347890295
0.8399146256100266,0.3745863207809713
0.8400636987536576,0.3748265207057696
0.8404532472074535,0.3754551985798572
0.8408427956612494,0.37608394132719264
0.8411434529207338,0.37656929137750866
0.8415330013745297,0.3771982663511439
0.8418952998966223,0.37778677664317234
0.8420443730402533,0.37802908781683775
0.8424339214940492,0.37866340310821645
0.8425935784303042,0.3789234577717083
0.8427532353665593,0.3791835124352002
0.8428823074178352,0.37939462791512807
0.8432718558716311,0.38003188697960133
0.8434942872317616,0.38039648612399485
0.8438838356855576,0.3810363824209404
0.8442733841393535,0.38167627871788595
0.8444224572829845,0.38192131576634486
0.8445515293342604,0.3821338198684163
0.844767621997377,0.3824900656092402
0.8449837146604937,0.38284631135006414
0.8451127867117696,0.3830597653772881
0.8452618598554006,0.3833065611228031
0.8454302229052466,0.38358596385804106
0.8458197713590426,0.38423293046886153
0.8459488434103185,0.3844474123448826
0.8463383918641144,0.3850965950348238
0.8464674639153903,0.3853118560605506
0.8467681211748745,0.38581376054669014
0.8471576696286705,0.3864653912643257
0.8473067427723014,0.3867148395942631
0.8474715799675978,0.38699121267252773
0.8478611284213937,0.38764521323929424
0.8482506768751896,0.3882994110377034
0.8483797489264655,0.3885164403618613
0.8485088209777414,0.38873346968601913
0.8486378930290173,0.3889514479096917
0.8490274414828132,0.38961007859936797
0.8494169899366091,0.3902687092890442
0.849806538390405,0.390928089091506
0.8501688369124977,0.3915424883119535
0.8503912682726281,0.3919209297996379
0.8507535667947207,0.39253872354950264
0.8509132237309758,0.39281163455225493
0.8512755222530684,0.3934311108036017
0.8516650707068644,0.3940984469772306
0.8517941427581402,0.394320226985527
0.8519232148094161,0.39454200699382336
0.852312763263212,0.39521174744424487
0.8526750617853046,0.39583497093606557
0.8530646102391005,0.3965054385834838
0.8531936822903764,0.39672890304413216
0.8533427554340074,0.39698703812142133
0.8535111184838534,0.39727871829090533
0.8551947489823135,0.40020635398134813
0.8553438221259445,0.40046568575488517
0.8557333705797404,0.40114374968540384
0.8561229190335364,0.4018262870850534
0.8562519910848123,0.40205250095423173
0.8563810631360882,0.4022790040661774
0.8565494261859342,0.4025752849521779
0.8566984993295652,0.4028378602281173
0.8570880477833611,0.40352565072385893
0.8572564108332071,0.4038238149215863
0.8574160677694622,0.4041073413828158
0.8575651409130932,0.4043721909557826
0.8577142140567242,0.4046371745545961
0.8579366454168547,0.40503256790266395
0.8581050084667007,0.40533190375810907
0.8582340805179766,0.4055614179571643
0.8584024435678227,0.4058609138729873
0.8585708066176687,0.4061604097888103
0.8587391696675147,0.40645990570463325
0.8589075327173608,0.40675982714843945
0.8590758957672069,0.407060287811805
0.8592442588170529,0.4073607484751705
0.8596065573391455,0.40801123185319194
0.8599688558612381,0.40866171523121336
0.8603311543833307,0.40931219860923473
0.8605535857434612,0.4097119870923081
0.8607219487933072,0.4100149171719948
0.8608903118431533,0.4103178472516814
0.8611127432032838,0.4107191951234688
0.86127758039858,0.4110169388894213
0.8614459434484262,0.41132113273084137
0.8616143064982722,0.41162532657226136
0.8617433785495481,0.41185863944320616
0.8618924516931791,0.41212933325733614
0.862282000146975,0.41283690830195063
0.8626715486007709,0.41354571284552916
0.8628399116506169,0.41385222909152314
0.8632022101727096,0.41451239610695173
0.8633705732225556,0.4148196990575507
0.8637601216763515,0.41553432611648883
0.8638891937276274,0.41577466574549504
0.8640575567774734,0.4160886598752471
0.8642259198273196,0.41640278440295775
0.8643549918785954,0.4166439213660097
0.8645198290738917,0.41695191839754175
0.8646881921237377,0.4172684896728074
0.8648565551735838,0.4175856821297852
0.8650789865337143,0.41800522573513776
0.8652473495835603,0.41832592880731867
0.8654157126334064,0.41864683702735883
0.8655647857770373,0.4189316808394118
0.865719867074378,0.41922802981698093
0.865888230124224,0.41955104750644917
0.866037303267855,0.41983817845590404
0.8662597346279854,0.4202670360160462
0.8664088077716164,0.4205552427849676
0.8665771708214625,0.420881573402893
0.8667455338713085,0.4212082978541733
0.8669138969211546,0.42153513573635526
0.8670429689724305,0.42178582310579427
0.8672654003325609,0.42221879395877093
0.867425057268816,0.42253083450637446
0.867574130412447,0.42282257038846977
0.8677965617725775,0.4232579508864083
0.8680189931327079,0.4236947289284723
0.8682414244928385,0.4241315069705364
0.8683904976364694,0.424424529462317
0.8686129289965999,0.42486610869851693
0.8688353603567304,0.42530930656246857
0.8690001975520266,0.42563775198904136
0.8691598544882817,0.42595612237018937
0.8693195114245368,0.4262782905305977
0.8694791683607919,0.4266023138334324
0.8696475314106379,0.4269472775916776
0.8718718450119427,0.43153339394850077
0.8720209181555737,0.43184122548955894
0.8721857553508701,0.43218218315333157
0.8723505925461663,0.43252314081710413
0.8725154297414627,0.4328640984808767
0.8727378611015931,0.43332472957508633
0.8729602924617236,0.4337862036721279
0.8731199493979787,0.4341177669720352
0.8732883124478247,0.4344689962559255
0.8734479693840798,0.43480344690422706
0.8735970425277108,0.4351181188655986
0.8738194738878412,0.43558768363141376
0.8739685470314722,0.4359028193546762
0.8741369100813183,0.43625894673583143
0.8743052731311644,0.4366154315482341
0.8745277044912948,0.43708718580712747
0.8747501358514252,0.4375589400660208
0.8749184989012714,0.43791602221686277
0.8750675720449024,0.4382349154269072
0.8753709032827233,0.4388887705223269
0.8755199764263543,0.43921033849525204
0.8756883394762003,0.4395755384040942
0.8758374126198313,0.4398997938141859
0.8760598439799618,0.4403841656554261
0.8762282070298079,0.4407512691169319
0.8765315382676288,0.4414149482718301
0.8766911952038838,0.4417643561214896
0.8769945264417048,0.44242847360415594
0.8772169578018353,0.44291696360419713
0.8774393891619658,0.44340545360423833
0.8776618205220963,0.44389394360427953
0.8778842518822267,0.44438243360432067
0.8780333250258577,0.44471007447686883
0.8783366562636787,0.4453787388280878
0.8784963131999338,0.44573077201908634
0.8786559701361888,0.44608280521008487
0.8788208073314852,0.44644642330141343
0.8789804642677402,0.44679919418718733
0.8791488273175863,0.4471716181691179
0.8794521585554073,0.4478462438082708
0.8797554897932283,0.448522157082904
0.8799683103385294,0.44899639448211887
0.8801811308838307,0.4494706318813338
0.8803939514291319,0.4499475470839178
0.8806163827892625,0.45044691637723366
0.8808388141493929,0.4509465108927633
0.8809878872930239,0.4512816966652355
0.8812007078383252,0.45176086137328914
0.8814135283836264,0.452243475269634
0.8815818914334724,0.4526263024262639
0.881736972730813,0.45297959907729834
0.881905335780659,0.4533631684623393
0.8820649927169141,0.45372740669941936
0.8850983050951234,0.46065149628238017
0.885320736455254,0.4611594823989188
0.8855431678153844,0.4616674685154575
0.8857115308652305,0.4620521167503758
0.8859594411778654,0.46261852204957044
0.8861278042277114,0.46300417254468706
0.8862961672775576,0.46338982303980375
0.8865440775901925,0.4639596906864037
0.8868474088280134,0.4646570059746741
0.8870953191406484,0.46522921763777175
0.8873986503784693,0.46593075769477904
0.8877019816162903,0.46663249647920024
0.8878668188115866,0.46701420403934507
0.8881701500494076,0.46771699079143847
0.8884734812872286,0.4684197775435318
0.8886863018325298,0.4689128731738128
0.8888991223778311,0.4694059688040938
0.8891119429231323,0.46989906443437474
0.8893247634684336,0.47039216006465573
0.8897143119222295,0.4712968420706839
0.8898826749720755,0.4716882759518099
0.8900317481157065,0.4720370307042979
0.8903350793535275,0.4727486382661893
0.8905829896661625,0.4733306337284305
0.8908863209039833,0.4740455631479594
0.8910353940476143,0.4743983119737654
0.8912833043602493,0.4749854059066428
0.8914323775038803,0.47534166593387855
0.8916451980491815,0.47585209843052734
0.8919485292870025,0.4765819427305935
0.8922518605248234,0.47732026017489476
0.8924166977201198,0.47772245803698965
0.8927200289579408,0.4784640333794533
0.8928883920077868,0.47887662259627445
0.893101212553088,0.47940409967849834
0.8933140330983893,0.4799315767607222
0.8934788702936856,0.48034118572576656
0.8936916908389868,0.4808700729499326
0.8940539893610794,0.4817715430750114
0.8942188265563757,0.48218286101824187
0.8945221577941967,0.48294024736563046
0.8947700681068317,0.48356069413062003
0.8950179784194666,0.4841819470416327
0.8952658887321016,0.48480319995264537
0.8955692199699224,0.4855645639882887
0.8957375830197686,0.4859885472001533
0.8959059460696146,0.48641438961168193
0.896070783264911,0.48683181440822715
0.8962836038102121,0.4873736373819492
0.8965869350480331,0.4881460052040983
0.8967517722433295,0.4885664522510522
0.8969645927886307,0.48910936942928224
0.897129429983927,0.4895320977571936
0.897432761221748,0.490310194244664
0.8976455817670492,0.4908570489557659
0.8978584023123505,0.49140745881982145
0.8980232395076467,0.49183705307110553
0.8982711498202817,0.4924838023075775
0.8984839703655829,0.49303962327267303
0.8987318806782179,0.4936886355772827
0.8988967178735142,0.49412338745562784
0.8991095384188155,0.4946857364808079
0.8994128696566364,0.49548733776774173
0.8996256902019376,0.4960516377812288
0.8997940532517837,0.496498102672937
0.9000973844896046,0.4973055091551334
0.900262221684901,0.49774501447716446
0.9004270588801973,0.49818451979919554
0.9006398794254985,0.4987530387535509
0.9008082424753446,0.49920391223098953
0.9009766055251907,0.49965609936423605
0.9011894260704919,0.5002279009911104
0.9013577891203379,0.500680826776063
0.9016611203581589,0.5015009987826832
0.9018739409034602,0.5020816332151202
0.9020387780987564,0.5025357317467428
0.9023421093365774,0.5033741378299358
0.9025069465318737,0.5038300093518591
0.9025678983470512,0.503998723832545
0.9028158086596861,0.5046856488531217
0.9029806458549824,0.5051436431925116
0.9031934664002836,0.505735131308929
0.9034062869455849,0.5063287548436772
0.9035711241408813,0.506788907302016
0.9037839446861825,0.507384060701003
0.9039967652314838,0.5079798432658023
0.9042095857767849,0.5085756258306017
0.9044224063220861,0.5091734890595319
0.9046352268673874,0.5097715672566117
0.9048000640626838,0.5102352898783946
0.9049684271125298,0.510709437459321
0.9052163374251647,0.5114098935394704
0.9053811746204611,0.5118763771576995
0.9055460118157573,0.5123428607759287
0.9057108490110537,0.5128099385829328
0.9059587593236886,0.5135131726862671
0.9062066696363236,0.5142166416919292
0.9064194901816248,0.5148213877436634
0.9065843273769211,0.5152898794930716
0.9067971479222223,0.5158957289010726
0.9069619851175187,0.5163660501061142
0.9072653163553396,0.5172318631201646
0.9075686475931606,0.5181005841825777
0.9078165579057955,0.5188109761731263
0.9080644682184305,0.5195213681636749
0.9083123785310654,0.5202338050966379
0.9085251990763666,0.5208483495118996
0.9088285303141876,0.5217247100825265
0.9091318615520086,0.5226035840031669
0.9093002246018547,0.5230930873277095
0.9094685876517007,0.5235825906522522
0.9096369507015467,0.5240720939767949
0.9099402819393677,0.5249604086950018
0.9102436131771887,0.5258487712672483
0.9123718186302007,0.5320936800746793
0.912536655825497,0.5325776454811473
0.9127494763707983,0.5332056149941683
0.9129622969160995,0.5338335845071893
0.9131751174614008,0.5344615540202102
0.9134230277740357,0.5351936525682801
0.9136709380866707,0.5359267343445383
0.9138357752819669,0.5364153415963506
0.9140485958272682,0.5370480033430758
0.9142614163725694,0.5376835276747658
0.9144262535678658,0.5381781437158311
0.9146741638805007,0.5389220370467769
0.9148425269303467,0.5394279555823649
0.915007364125643,0.5399242901911306
0.9152201846709442,0.5405664134306852
0.9154330052162455,0.5412123307381813
0.9157363364540665,0.5421418276260864
0.9159491569993677,0.5427943437257637
0.916161977544669,0.5434468598254409
0.9164098878573039,0.5442094071630328
0.9166227084026052,0.5448646105139753
0.9167257998040703,0.54518210850405
0.9168288912055353,0.5455001616015428
0.9170417117508366,0.5461578999039881
0.9172896220634715,0.5469263185781127
0.9175024426087728,0.5475895454774025
0.917715263154074,0.5482540576804078
0.9179280836993753,0.5489186078149498
0.9181409042446765,0.549583157949492
0.9183537247899778,0.5502517448426978
0.918566545335279,0.5509206762690607
0.9187793658805803,0.5515902148211003
0.9189921864258815,0.5522610613719648
0.9192400967385165,0.5530427215531204
0.9194529172838177,0.5537152672134853
0.919617754479114,0.5542376917394153
0.9197825916744103,0.5547604507436958
0.9199954122197116,0.5554380994401426
0.9202082327650128,0.5561179563740067
0.9204561430776478,0.5569113402905501
0.920668963622949,0.5575928725424327
0.920916873935584,0.558388430433442
0.9210817111308802,0.5589177004703888
0.9212465483261766,0.5594469705073356
0.9214944586388115,0.5602431190189832
0.9216592958341078,0.5607732406348385
0.921872116379409,0.5614577403163523
0.9220404794292552,0.5620009958939403
0.9222053166245514,0.56253424061463
0.9223736796743974,0.563079583603672
0.9225385168696938,0.5636142434563218
0.9227864271823287,0.5644211869029817
0.922951264377625,0.5649584752406805
0.9231991746902599,0.5657666366818672
0.9233640118855563,0.5663044416845955
0.9236119221981911,0.5671154066471832
0.923859832510826,0.567929257539214
0.9263389356371751,0.576077846499034
0.92658684594981,0.576893558742226
0.9268347562624449,0.5777092709854181
0.9270826665750799,0.578526052663012
0.9273305768877148,0.5793428729021236
0.9275784872003497,0.5801598348288751
0.9278263975129847,0.5809767967556266
0.927991234708281,0.5815204461419595
0.928239145020916,0.5823395299747173
0.9284870553335509,0.5831636499104769
0.9287349656461859,0.5839877698462363
0.9289828759588208,0.5848145031261611
0.9292307862714557,0.5856427561915629
0.9294786965840907,0.58647113622582
0.9296470596339368,0.5870342734399667
0.9298949699465717,0.587868362165528
0.930059807141868,0.5884236991873599
0.9302246443371643,0.588980690922886
0.9304725546497993,0.589820782940609
0.9307204649624342,0.5906639042967118
0.9309683752750691,0.5915072876096985
0.9312162855877041,0.5923542503071088
0.9318258037394785,0.5944381067912717
0.9320737140521135,0.5952866921200537
0.9323216243647484,0.5961402116598549
0.9324899874145944,0.5967236686748278
0.9325287135338872,0.5968580400465032
0.9325896653490646,0.5970704947257233
0.9328375756616996,0.5979379626305934
0.9330854859743345,0.5988063509053039
0.9333333962869694,0.5996806237364667
0.9335813065996044,0.6005548965676295
0.9337363878969449,0.6011048485989333
0.9339492084422462,0.6018646775820876
0.9341971187548811,0.602753800438764
0.934445029067516,0.6036429232954403
0.934692939380151,0.6045326651066839
0.9347538911953284,0.6047531952967231
0.9349667117406296,0.6055239958492749
0.9352146220532646,0.606424473129255
0.9354625323658995,0.6073249504092352
0.935523484181077,0.6075468434531244
0.9355844359962544,0.6077687364970136
0.9358323463088893,0.6086716945475342
0.9360802566215243,0.6095746525980549
0.9361189827408171,0.6097157580009286
0.9362236660832997,0.6100993486292771
0.9366109272762272,0.6115204630899365
0.93664965339552,0.6116634130040368
0.9368975637081549,0.6125792498308755
0.9370624009034513,0.6131899066940568
0.9372174822007917,0.6137660119473499
0.9374653925134266,0.6146890034437359
0.9377133028260616,0.6156138117400225
0.9378816658759076,0.6162448386091914
0.9381295761885425,0.6171762433223341
0.9383774865011775,0.6181089121174733
0.9386253968138124,0.6190415809126124
0.9388733071264473,0.6199745927215079
0.9390861276717486,0.6207765392089062
0.9391248537910414,0.6209230598426827
0.9393727641036763,0.6218614797994766
0.9396206744163113,0.6227998997562706
0.9398685847289462,0.6237444581259269
0.9401164950415811,0.6246890164955832
0.9402715763389216,0.6252815573466425
0.9405194866515566,0.6262323216223394
0.9407673969641915,0.6271830858980363
0.9410153072768265,0.62813434412043
0.9412632175894614,0.6290876661138242
0.9413241694046388,0.6293234386030674
0.9413851212198162,0.6295592110923107
0.9416330315324513,0.6305182411719341
0.9426639455471028,0.6345224770765265
0.9429118558597377,0.6354873512991708
0.9431597661723726,0.6364541527172061
0.9432628575738378,0.636859732955728
0.9435107678864727,0.6378381957377861
0.9437586781991076,0.6388207161926068
0.9440065885117426,0.6398073734521784
0.9442544988243775,0.6408001413922974
0.9445024091370124,0.6417929093324163
0.9446070924794951,0.6422153051628355
0.9448550027921301,0.6432168981461098
0.9449159546073075,0.6434631521633417
0.9449769064224849,0.6437094061805737
0.9452248167351198,0.6447162394419051
0.9453896539304162,0.645386348675777
0.9455544911257124,0.6460565411197131
0.94561544294089,0.6463058240758847
0.9457185343423551,0.6467276274886418
0.9458216257438201,0.6471494309013989
0.9458603518631129,0.6473096227268111
0.9458990779824057,0.6474698849343561
0.9459378041016984,0.6476301471419009
0.9461857144143334,0.6486566407591597
0.946290397756816,0.6490901141197988
0.9464552349521124,0.6497758874009971
0.9465161867672898,0.6500299321613495
0.9466712680646302,0.6506798506713815
0.9467322198798077,0.650935434201354
0.946897057075104,0.6516273733968871
0.9470521383724444,0.6522795920304952
0.9472072196697848,0.6529348626369026
0.9472902512077079,0.6532858911740739
0.9473949345501906,0.6537310854035114
0.9474996178926732,0.654178142369924
0.9476043012351559,0.6546254252644261
0.9476652530503333,0.6548862779220272
0.9477262048655108,0.6551471305796283
0.9478308882079934,0.6555958006885251
0.9479859695053339,0.6562629767431246
0.948069001043257,0.6566206627865234
0.9481520325811801,0.6569783488299222
0.9491988660060058,0.6615219784955526
0.9493539473033462,0.6621976597264893
0.9495090286006868,0.6628738567795378
0.9496641098980272,0.6635548555290914
0.9497250617132046,0.6638241570060684
0.9497860135283821,0.6640944525267162
0.9499508507236784,0.664825611493546
0.9500338822616015,0.6651939097612578
0.9501169137995245,0.6655622080289697
0.9502215971420072,0.666027670668343
0.9517724101154122,0.6729661537139153
0.9519274914127527,0.6736600843825414
0.9519662175320455,0.6738342249163692
0.952027169347223,0.6741083081921174
0.9521822506445634,0.6748074716321957
0.9523373319419038,0.6755067141481106
0.9524924132392443,0.6762079547041954
0.9525533650544217,0.6764838190597928
0.9527084463517622,0.6771892459645137
0.9528635276491026,0.6778947543221874
0.9530186089464431,0.6786007871789433
0.9531736902437835,0.6793094574484793
0.9532783735862662,0.6797899809619198
0.9534334548836066,0.6805019852833012
0.9535885361809471,0.6812142038760967
0.9537436174782875,0.6819318951569572
0.9538483008207702,0.6824164502560688
0.9540033821181106,0.6831355869051884
0.9541584634154511,0.6838579032842276
0.9543135447127915,0.6845821292522779
0.954374496527969,0.6848677356655208
0.9544791798704516,0.685359118439274
0.9545838632129343,0.6858505012130272
0.9547389445102747,0.6865790820754477
0.9547998963254523,0.6868660591053821
0.9549549776227927,0.6875977908224148
0.9551100589201331,0.688333361849458
0.9552651402174736,0.6890697391069228
0.955420221514814,0.6898065921145425
0.9555753028121544,0.6905462980338296
0.955730384109495,0.6912876831512746
0.9558350674519775,0.691789292914133
0.955990148749318,0.6925358591022763
0.9561452300466585,0.6932824252904197
0.956300311343999,0.6940317546120677
0.9564553926413394,0.6947817685741797
0.9566104739386798,0.6955322353885764
0.9567655552360202,0.696284027244275
0.9568265070511978,0.6965798051620458
0.9569311903936804,0.6970892045596967
0.9569921422088579,0.6973873308498814
0.9570530940240353,0.6976854571400659
0.9571140458392127,0.6979835834302505
0.9572691271365532,0.6987453307757125
0.9573300789517306,0.6990447571046887
0.9574347622942133,0.6995611277242486
0.9575898435915537,0.7003292231267563
0.9577449248888942,0.7010973185292639
0.9579000061862346,0.7018654139317716
0.9580046895287173,0.7023846094033702
0.9581093728711999,0.7029044023762807
0.9582644541685404,0.7036754860483505
0.9584195354658809,0.7044474830441172
0.9585746167632213,0.7052216184717737
0.9587296980605617,0.7059957538994301
0.9588847793579022,0.7067698893270865
0.9590398606552426,0.707544024754743
0.9591949419525831,0.7083188729798987
0.9593500232499236,0.7090941989405808
0.959505104547264,0.7098721304614753
0.9596601858446044,0.7106545603904353
0.9598152671419449,0.7114372143893911
0.9598762189571224,0.7117480508301158
0.959980902299605,0.7122847077572949
0.9600855856420877,0.7128226052837052
0.9602406669394281,0.7136247141868679
0.9603957482367685,0.7144270710307193
0.9605004315792512,0.7149713892444166
0.9606051149217338,0.7155173258998374
0.9607097982642165,0.7160633247150484
0.960864879561557,0.7168723586523953
0.9610199608588974,0.7176813925897422
0.961175042156238,0.7184904265270889
0.9613301234535784,0.7192994604644358
0.9614852047509188,0.7201093989680278
0.9616402860482592,0.720925257615011
0.9617953673455997,0.721741369316685
0.9619504486429401,0.722557481018359
0.9620114004581176,0.7228784391446464
0.962166481755458,0.7236958335456904
0.9623215630527985,0.7245139316026322
0.9624262463952812,0.7250662631182757
0.9624871982104586,0.7253886237030027
0.962642279507799,0.726208909012942
0.9627973608051396,0.7270291943228813
0.96295244210248,0.7278511628050449
0.9631075233998204,0.7286741611604222
0.9632626046971609,0.7295008717847025
0.9633235565123383,0.7298260137171252
0.963428239854821,0.7303852740097764
0.9635329231973037,0.7309445343024276
0.9636376065397863,0.7315037945950786
0.963742289882269,0.7320630548877298
0.9638469732247515,0.732622315180381
0.9640020545220921,0.7334530991907673
0.9641571358194325,0.734288951691467
0.964312217116773,0.7351252175478868
0.9644672984141134,0.7359645611412963
0.9646223797114538,0.7368039053845133
0.9647774610087944,0.7376437665335318
0.9649325423061348,0.7384843224547752
0.9650876236034752,0.7393248783760188
0.9651923069459578,0.7398956193763128
0.9652969902884405,0.7404663603766068
0.9654016736309232,0.7410371013769009
0.9655063569734058,0.741607842377195
0.9656110403158885,0.7421785833774891
0.9657157236583711,0.7427493243777832
0.9658204070008538,0.7433200653780773
0.9659754882981942,0.7441676363297663
0.9661305695955347,0.7450159852928246
0.9662856508928752,0.7458645336908193
0.9664407321902156,0.746713433307472
0.9665958134875561,0.7475638806061811
0.9667508947848965,0.7484146418272853
0.9669059760822369,0.7492665457910725
0.9670610573795774,0.7501202335969939
0.9672161386769179,0.7509757375787516
0.9673712199742583,0.7518338013788786
0.9674321717894357,0.7521738572410992
0.9675872530867762,0.7530392262124367
0.9677423343841167,0.7539052581643213
0.9678974156814572,0.7547727748695773
0.9679583674966346,0.7551139601482455
0.968113448793975,0.755983623778146
0.9682685300913155,0.7568547171449327
0.968423611388656,0.7577258105117195
0.9684845632038334,0.75806838593422
0.9685455150190108,0.7584109613567206
0.9687005963163513,0.7592862778368178
0.9687615481315287,0.7596303314344705
0.9689166294288691,0.7605070428345043
0.9690717107262096,0.7613854428906953
0.9691326625413871,0.7617316067378992
0.9691936143565645,0.7620782211592945
0.969254566171742,0.7624251689068566
0.9693155179869194,0.7627725085855589
0.9693764698020968,0.7631198636190997
0.9695315510994373,0.7640041910051408
0.9696866323967778,0.764888751571544
0.9698417136941182,0.7657733121379472
0.9699026655092956,0.7661214856618963
0.9699636173244731,0.7664696796515469
0.9701186986218135,0.7673562492775522
0.970273779919154,0.7682436569803796
0.9704288612164944,0.7691326038335506
0.9704898130316719,0.7694828571957073
0.9706448943290124,0.7703759901714825
0.9707999756263528,0.7712691873107312
0.9709550569236932,0.7721654439849546
0.9710160087388707,0.7725179186643832
0.9711710900362112,0.7734156912267033
0.9713261713335516,0.7743159013513462
0.971481252630892,0.7752169823691162
0.9716363339282325,0.776118063386886
0.9717914152255729,0.7770261184002192
0.9719464965229134,0.7779356784243732
0.9721015778202539,0.7788463171100837
0.9722566591175943,0.7797584117569311
0.9724117404149347,0.7806739682678326
0.9725668217122752,0.78159468125125
0.9727219030096156,0.7825153942346673
0.9728769843069561,0.783438707815153
0.9730320656042966,0.7843620213956388
0.973187146901637,0.7852879905183009
0.9733422281989774,0.7862143741201062
0.9734973094963179,0.7871412348087757
0.9736523907936584,0.7880744202072654
0.9738074720909988,0.7890093135056931
0.9739625533883393,0.789944206804121
0.9741176346856797,0.790880782265472
0.9742727159830201,0.7918281366302525
0.9743336677981976,0.7922006913729753
0.974394619613375,0.7925732461156981
0.9745497009107155,0.793523305246159
0.9747047822080559,0.7944754992698935
0.9748598635053964,0.7954276932936278
0.9750149448027369,0.7963835136565112
0.9751700261000773,0.7973409756216299
0.9753251073974177,0.7982986241205989
0.9754801886947582,0.7992572960673687
0.9756352699920986,0.8002164306999653
0.9757903512894391,0.8011778255270459
0.9759454325867796,0.8021392203541264
0.97610051388412,0.8031010941024362
0.9761614656992974,0.8034793439374784
0.9762224175144749,0.8038575937725206
0.9763774988118153,0.804820216284354
0.9765325801091558,0.8057828387961873
0.9766876614064962,0.8067454613080206
0.9767486132216737,0.8071243698688839
0.9769036945190142,0.8080912296209204
0.9770587758163546,0.8090583746138736
0.977213857113695,0.8100255196068269
0.9773689384110354,0.8109952383895096
0.977524019708376,0.8119710724426396
0.9776791010057164,0.8129477976124169
0.9778341823030569,0.8139281294073192
0.9779892636003973,0.8149084612022214
0.9780502154155748,0.8152954630472574
0.9782052967129152,0.8162805282320795
0.9783603780102557,0.8172655934169016
0.9785154593075961,0.8182535600819927
0.9785764111227735,0.8186422484394833
0.978731492420114,0.8196313164470143
0.9788998554699601,0.8207073666140267
0.9790682185198061,0.821783416781039
0.9792232998171465,0.8227767987743856
0.979378381114487,0.8237707119625592
0.9795334624118275,0.8247655700983687
0.9796885437091679,0.8257616596883904
0.9798436250065083,0.82675864942228
0.9799987063038488,0.8277645252238888
0.9801537876011892,0.8287781954682913
0.9803088688985298,0.82979392231729
0.9804639501958702,0.8308104978408218
0.9806190314932106,0.8318289403593798
0.980774112790551,0.8328549123082273
0.9809291940878915,0.8338811387537222
0.9810842753852319,0.8349082536854953
0.9812393566825725,0.8359353686172682
0.9813944379799129,0.8369648944048161
0.9815495192772533,0.8379961976800182
0.9817046005745937,0.8390275009552202
0.9818596818719342,0.8400670064942973
0.9820147631692747,0.8411065120333744
0.9821698444666151,0.8421460175724516
0.9823249257639556,0.8431855231115286
0.982385877579133,0.8435945143826715
0.9824468293943105,0.8440035056538144
0.9826019106916509,0.8450456011518586
0.9827569919889914,0.8460896352840571
0.9829120732863318,0.8471336694162558
0.9830671545836722,0.8481777035484545
0.9832222358810128,0.8492233332967924
0.9833773171783532,0.8502691724114612
0.9835323984756936,0.8513209469525213
0.9836874797730341,0.8523727214935813
0.9837705113109572,0.8529362601562944
0.9839255926082976,0.8539904131297756
0.984080673905638,0.8550445661032567
0.9841416257208154,0.8554596276431814
0.9842025775359929,0.8558785889444969
0.9843576588333334,0.8569511312721383
0.9845127401306738,0.8580254796410131
0.9845736919458513,0.8584481884900972
0.9846346437610287,0.8588708973391813
0.9847176752989518,0.8594475244777383
0.9848007068368748,0.8600241516162953
0.9849557881342152,0.8611027452721639
0.9851108694315558,0.8621813389280326
0.9852659507288962,0.8632599325839012
0.9854210320262367,0.8643385834458152
0.9855761133235771,0.8654192874561529
0.9857311946209175,0.8665034050967165
0.9858862759182581,0.8675875227372801
0.9860413572155985,0.8686716403778436
0.9861964385129389,0.8697655178853599
0.9863515198102794,0.8708714693258838
0.9864124716254568,0.8713107302019889
0.9865675529227973,0.8724400072072136
0.9867226342201377,0.8735692842124382
0.9868777155174782,0.8746985612176629
0.9870327968148186,0.8758278382228875
0.987187878112159,0.8769627195739765
0.9872488299273365,0.877410015477782
0.9873097817425139,0.8778586717925738
0.9873707335576914,0.8783101631893168
0.9874316853728689,0.8787630638803252
0.987514716910792,0.879403398372104
0.987597748448715,0.8800450604203041
0.9876807799866381,0.880714106444589
0.987763811524561,0.8813833463342812
0.9878468430624842,0.8820572418343129
0.9879298746004073,0.8827311373343446
0.9880129061383303,0.8834063808893992
0.988130679910647,0.8843664140302544
0.9882484536829637,0.8853264471711096
0.9883662274552804,0.8862864803119649
0.9884840012275969,0.8872465134528201
0.98856703276552,0.8879314379027102
0.9886500643034432,0.8886250253248802
0.9887330958413661,0.8893246435597724
0.9888161273792893,0.8900242617946645
0.9888770791944667,0.890538630312851
0.9889380310096442,0.8910529988310375
0.9889989828248216,0.8915726905453294
0.9890820143627447,0.8922851130429227
0.9891650459006677,0.893002187189787
0.9892480774385908,0.8937192613366512
0.9893658512109075,0.8947466361082752
0.9894268030260849,0.8952783364687736
0.989509834564008,0.896005396806292
0.989592866101931,0.8967434118666765
0.9896758976398541,0.897481426927061
0.9897589291777772,0.8982194419874456
0.9905892445570076,0.9056286543271633
0.9906722760949307,0.9063705444113213
0.9907553076328537,0.9071131422266856
0.9908383391707768,0.9078626894511107
0.9909213707086999,0.9086138982968639
0.9910044022466229,0.9093651071426171
0.991087433784546,0.9101163159883703
0.991170465322469,0.9108692382924365
0.9912534968603921,0.9116221605965026
0.9913365283983152,0.9123811535221573
0.9914195599362382,0.913140146447812
0.9915025914741613,0.9139003835361489
0.9915856230120844,0.9146606721747919
0.9916686545500074,0.9154240703035393
0.9917516860879305,0.9161874684322869
0.9918347176258535,0.9169508665610345
0.9919177491637766,0.917714264689782
0.9920007807016997,0.9184777655276722
0.9920838122396227,0.9192443692429201
0.9921668437775458,0.9200113063540706
0.9922498753154689,0.9207782434652211
0.9923329068533919,0.9215451805763716
0.992415938391315,0.9223121176875221
0.992498969929238,0.9230790547986726
0.9925820014671611,0.9238459919098231
0.9926650330050842,0.9246129290209736
0.9927828067774009,0.9257080024271015
0.9928658383153239,0.9264821923200484
0.992948869853247,0.927258631406079
0.99303190139117,0.9280367370076998
0.9931149329290931,0.9288148426093207
0.9931979644670162,0.9295934140530702
0.9933157382393328,0.9307012536720494
0.9933987697772559,0.9314843690712062
0.993481801315179,0.932267484470363
0.993564832853102,0.9330505998695199
0.9936478643910251,0.9338337152686766
0.9937308959289483,0.9346168306678335
0.9938486697012648,0.9357300265046657
0.993931701239188,0.9365163773883356
0.994014732777111,0.9373027282720053
0.9941325065494276,0.9384385449497167
0.9942502803217443,0.9395743616274279
0.994368054094061,0.9407110996792127
0.9944858278663777,0.9418579327528213
0.9946036016386944,0.9430047658264297
0.994721375411011,0.9441562264018065
0.9948391491833277,0.9453076869771833
0.9949221807212508,0.9461217117138936
0.9950052122591738,0.9469358029981341
0.9950882437970969,0.9477503907465552
0.99517127533502,0.9485649784949765
0.9952890491073366,0.9497306530591605
0.9954068228796533,0.9509065768625763
0.99552459665197,0.9520825006659921
0.9956423704242867,0.9532584244694079
0.9957601441966034,0.9544343482728237
0.99587791796892,0.9556102720762395
0.9959956917412367,0.9567861958796553
0.9961134655135534,0.9579621196830711
0.9962312392858701,0.9591380434864869
0.9963490130581868,0.9603139672899027
0.9964667868305034,0.9614898910933185
0.9965845606028201,0.9626658148967342
0.9967023343751368,0.96384173870015
0.9968201081474535,0.9650808094583984
0.9969378819197702,0.9663198802166467
0.9970556556920868,0.9675589509748951
0.9971734294644035,0.9687980217331434
0.9972912032367202,0.9700370924913918
0.9974089770090369,0.9712761632496402
0.998586714732203,0.9838166057110607
0.9987044885045196,0.9850707734192052
0.9988222622768363,0.9863269327504708
0.998940036049153,0.9875885232326909
0.9990578098214696,0.9889061638029177
0.9991755835937863,0.9902238043731445
0.999293357366103,0.9915414449433713
0.9994111311384197,0.992890577332579
0.9995289049107364,0.9942908502977483
0.999646678683053,0.9956911232629176
0.9997644524553697,0.9971274155086112
0.9998822262276864,0.9985637077543046
1.000000000000003,0.999999999999998
